<?xml version="1.0" encoding="utf-8"?>
<?xml-stylesheet type="text/xsl" href="XSL/XMLBirdsStyle.xsl"?>
<CATALOG>
	<PHOTO>
		<TITLE>Pidgeon</TITLE>
		<AUTHORLAST>Lopez</AUTHORLAST>
		<AUTHORFIRST>Mario</AUTHORFIRST>
		<DATE>06/18/2009</DATE>
		<SIZES>Small, Medium, Large</SIZES>
		<COST>S $2.50, M $4.50 L $6.50</COST>
	</PHOTO>
	<PHOTO>
		<TITLE>Pink Flamingo</TITLE>
		<AUTHORLAST>Susie</AUTHORLAST>
		<AUTHORFIRST>Sherri</AUTHORFIRST>
		<DATE>08/21/2016</DATE>
		<SIZES>Small, Medium, Large</SIZES>
		<COST>S $4.00, M $6.00, L $8.00</COST>
	</PHOTO>
	<PHOTO>
		<TITLE>Blue Jay</TITLE>
		<AUTHORLAST>Shira</AUTHORLAST>
		<AUTHORFIRST>Kellian</AUTHORFIRST>
		<DATE>04/27/2015</DATE>
		<SIZES>Small, Medium, Large</SIZES>
		<COST>S $5.00, M $6.00, L $7.00</COST>
	</PHOTO>
	<PHOTO>
		<TITLE>Red Cardinal</TITLE>
		<AUTHORLAST>Mexy</AUTHORLAST>
		<AUTHORFIRST>Freya</AUTHORFIRST>
		<DATE>03/12/2014</DATE>
		<SIZES>Small, Medium, Large</SIZES>
		<COST>S $4.00, M $5.00, L $6.00</COST>
	</PHOTO>
	<PHOTO>
		<TITLE>Mocking Bird</TITLE>
		<AUTHORLAST>Seila</AUTHORLAST>
		<AUTHORFIRST>Hungsten</AUTHORFIRST>
		<DATE>07/26/2013</DATE>
		<SIZES>Small, Medium, Large</SIZES>
		<COST>S $4.80, M $5.80, L $6.80</COST>
	</PHOTO>
</CATALOG>