<?xml version="1.0" encoding="utf-8"?>
<?xml-stylesheet type="text/xsl" href="XSL/XMLLandAnimalsStyle.xsl"?>
<CATALOG>
	<PHOTO>
		<TITLE>Goat</TITLE>
		<AUTHORLAST>Smith</AUTHORLAST>
		<AUTHORFIRST>Connor</AUTHORFIRST>
		<DATE>10/08/2001</DATE>
		<SIZES>Small, Medium, Large</SIZES>
		<COST>S $2.00, M $4.00 L $6.00</COST>
	</PHOTO>
	<PHOTO>
		<TITLE>Running Dogs</TITLE>
		<AUTHORLAST>Lopez</AUTHORLAST>
		<AUTHORFIRST>Mario</AUTHORFIRST>
		<DATE>07/09/2011</DATE>
		<SIZES>Small, Medium, Large</SIZES>
		<COST>S $4.50, M $5.60, L $6.80</COST>
	</PHOTO>
	<PHOTO>
		<TITLE>Hippo Bath</TITLE>
		<AUTHORLAST>Shaina</AUTHORLAST>
		<AUTHORFIRST>Kelly</AUTHORFIRST>
		<DATE>07/12/2009</DATE>
		<SIZES>Small, Medium, Large</SIZES>
		<COST>S $3.00, M $6.00, L $10.00</COST>
	</PHOTO>
	<PHOTO>
		<TITLE>Lion's Den</TITLE>
		<AUTHORLAST>Julian</AUTHORLAST>
		<AUTHORFIRST>Max</AUTHORFIRST>
		<DATE>07/15/2016</DATE>
		<SIZES>Small, Medium, Large</SIZES>
		<COST>S $8.00, M $9.00, L $10.00</COST>
	</PHOTO>
	<PHOTO>
		<TITLE>Zebra Festival</TITLE>
		<AUTHORLAST>Connors</AUTHORLAST>
		<AUTHORFIRST>Mira</AUTHORFIRST>
		<DATE>06/21/2011</DATE>
		<SIZES>Small, Medium, Large</SIZES>
		<COST>S $4.00, M $5.00, L $6.50</COST>
	</PHOTO>
</CATALOG>