<?xml version="1.0" encoding="utf-8"?>
<?xml-stylesheet type="text/xsl" href="XSL/XMLNatureStyle.xsl"?>
<CATALOG>
	<PHOTO>
		<TITLE>Water Stream</TITLE>
		<AUTHORLAST>Lopez</AUTHORLAST>
		<AUTHORFIRST>Mario</AUTHORFIRST>
		<DATE>10/06/2010</DATE>
		<SIZES>Small, Medium, Large</SIZES>
		<COST>S $2.00, M $3.00, L $5.00</COST>
	</PHOTO>
	<PHOTO>
		<TITLE>Water Fall</TITLE>
		<AUTHORLAST>Lopez</AUTHORLAST>
		<AUTHORFIRST>Mario</AUTHORFIRST>
		<DATE>09/12/2010</DATE>
		<SIZES>Small, Medium, Large</SIZES>
		<COST>S $2.00, M $3.00, L $5.00</COST>
	</PHOTO>
	<PHOTO>
		<TITLE>Trees</TITLE>
		<AUTHORLAST>Susie</AUTHORLAST>
		<AUTHORFIRST>Maria</AUTHORFIRST>
		<DATE>04/18/2008</DATE>
		<SIZES>Medium, Large</SIZES>
		<COST>M $2.00, L $4.00</COST>
	</PHOTO>
	<PHOTO>
		<TITLE>Forest</TITLE>
		<AUTHORLAST>Sherri</AUTHORLAST>
		<AUTHORFIRST>Mia</AUTHORFIRST>
		<DATE>07/14/2009</DATE>
		<SIZES>Small, Medium, Large</SIZES>
		<COST>S $4.00, M $6.00, L $10.00</COST>
	</PHOTO>
	<PHOTO>
		<TITLE>Ice Mushrooms</TITLE>
		<AUTHORLAST>Clarice</AUTHORLAST>
		<AUTHORFIRST>Mina</AUTHORFIRST>
		<DATE>11/21/2015</DATE>
		<SIZES>Small, Medium, Large</SIZES>
		<COST>S $6.00, M $8.00, L $12.00</COST>
	</PHOTO>
</CATALOG>