<?xml version="1.0" encoding="utf-8"?>
<?xml-stylesheet type="text/xsl" href="XSL/XMLOceansStyle.xsl"?>
<CATALOG>
	<PHOTO>
		<TITLE>Waves of Fury</TITLE>
		<AUTHORLAST>Meia</AUTHORLAST>
		<AUTHORFIRST>Sham</AUTHORFIRST>
		<DATE>07/23/2015</DATE>
		<SIZES>Large</SIZES>
		<COST>L $24.50</COST>
	</PHOTO>
	<PHOTO>
		<TITLE>Rhythm of Peace</TITLE>
		<AUTHORLAST>Marro</AUTHORLAST>
		<AUTHORFIRST>Eliandro</AUTHORFIRST>
		<DATE>11/26/2011</DATE>
		<SIZES>Small, Medium, Large</SIZES>
		<COST>S $20.00, M $30.00, L $40.00</COST>
	</PHOTO>
	<PHOTO>
		<TITLE>Choppy Waves</TITLE>
		<AUTHORLAST>Dingo</AUTHORLAST>
		<AUTHORFIRST>Mingo</AUTHORFIRST>
		<DATE>08/22/2013</DATE>
		<SIZES>Small, Medium, Large</SIZES>
		<COST>S $3.00, M $4.00, L $5.00</COST>
	</PHOTO>
	<PHOTO>
		<TITLE>Love of the Seas</TITLE>
		<AUTHORLAST>Sarco</AUTHORLAST>
		<AUTHORFIRST>PiPi</AUTHORFIRST>
		<DATE>08/14/2015</DATE>
		<SIZES>Small, Medium, Large</SIZES>
		<COST>S $5.00, M $6.00, L $7.00</COST>
	</PHOTO>
	<PHOTO>
		<TITLE>Waves of Eternity</TITLE>
		<AUTHORLAST>JellBelly</AUTHORLAST>
		<AUTHORFIRST>Picasso</AUTHORFIRST>
		<DATE>08/25/1944</DATE>
		<SIZES>Small, Medium, Large</SIZES>
		<COST>S $100.00, M $120.00, L $200.00</COST>
	</PHOTO>
</CATALOG>