<?xml version="1.0" encoding="utf-8"?>
<?xml-stylesheet type="text/xsl" href="XSL/XMLPeopleStyle.xsl"?>
<CATALOG>
	<PHOTO>
		<TITLE>Old Man</TITLE>
		<AUTHORLAST>Lopez</AUTHORLAST>
		<AUTHORFIRST>Mario</AUTHORFIRST>
		<DATE>12/11/2011</DATE>
		<SIZES>Small, Medium, Large</SIZES>
		<COST>S $1.00, M $2.00, L $3.00</COST>
	</PHOTO>
	<PHOTO>
		<TITLE>Shy Girl</TITLE>
		<AUTHORLAST>Marge</AUTHORLAST>
		<AUTHORFIRST>Marry</AUTHORFIRST>
		<DATE>06/04/2016</DATE>
		<SIZES>Medium, Large</SIZES>
		<COST>M $3.50, L $6.00</COST>
	</PHOTO>
	<PHOTO>
		<TITLE>Crowded Subway</TITLE>
		<AUTHORLAST>Shaina</AUTHORLAST>
		<AUTHORFIRST>Kelly</AUTHORFIRST>
		<DATE>09/05/2012</DATE>
		<SIZES>Large</SIZES>
		<COST>L $12.50</COST>
	</PHOTO>
	<PHOTO>
		<TITLE>Late Party</TITLE>
		<AUTHORLAST>Einstein</AUTHORLAST>
		<AUTHORFIRST>Jill</AUTHORFIRST>
		<DATE>11/08/2016</DATE>
		<SIZES>Small, Medium, Large</SIZES>
		<COST>S $5.00, M $6.00, L $7.00</COST>
	</PHOTO>
	<PHOTO>
		<TITLE>Fallen Angel</TITLE>
		<AUTHORLAST>Miles</AUTHORLAST>
		<AUTHORFIRST>Neil</AUTHORFIRST>
		<DATE>05/25/2004</DATE>
		<SIZES>Small, Medium, Large</SIZES>
		<COST>S $3.00, M $4.00, L $6.00</COST>
	</PHOTO>
</CATALOG>